,index,0,bsid,Unnamed: 0,0
0,l,56.0,102,,
1,n,58.0,102,,
2,e,59.0,102,,
3,u,28.0,102,,
4,r,57.0,102,,
5,p,30.0,102,,
6,f,20.0,102,,
7,manager,5.0,102,,
8,company,23.0,102,,
9,announcements,6.0,102,,
10,office,2.0,102,,
11,australian,5.0,102,,
12,stock,1.0,102,,
13,exchange,4.0,102,,
14,centre,1.0,102,,
15,20,2.0,102,,
16,bridge,1.0,102,,
17,street,2.0,102,,
18,sydney,1.0,102,,
19,nsw,1.0,102,,
20,2000,1.0,102,,
21,17,7.0,102,,
22,february,8.0,102,,
23,2022,5.0,102,,
24,dear,1.0,102,,
25,iress,152.0,102,,
26,limited,7.0,102,,
27,–,11.0,102,,
28,information,46.0,102,,
29,release,3.0,102,,
30,market,10.0,102,,
31,required,20.0,102,,
32,listing,28.0,102,,
33,rules,19.0,102,,
34,encloses,1.0,102,,
35,immediate,1.0,102,,
36,following,6.0,102,,
37,1.,3.0,102,,
38,appendix,28.0,102,,
39,4g,28.0,102,,
40,2.,2.0,102,,
41,corporate,172.0,102,,
42,governance,177.0,102,,
43,statement,116.0,102,,
44,reporting,37.0,102,,
45,period,62.0,102,,
46,31,9.0,102,,
47,december,12.0,102,,
48,2021.,4.0,102,,
49,sincerely,1.0,102,,
50,peter,2.0,102,,
51,ferguson,2.0,102,,
52,chief,6.0,102,,
53,legal,6.0,102,,
54,officer,8.0,102,,
55,&,43.0,102,,
56,secretary,6.0,102,,
57,level,5.0,102,,
58,16,4.0,102,,
59,385,1.0,102,,
60,bourke,1.0,102,,
61,melbourne,1.0,102,,
62,vic,1.0,102,,
63,3000,1.0,102,,
64,australia,9.0,102,,
65,abn,1.0,102,,
66,47,2.0,102,,
67,060,2.0,102,,
68,313,2.0,102,,
69,359,2.0,102,,
70,+61,1.0,102,,
71,3,15.0,102,,
72,9018,1.0,102,,
73,5800,1.0,102,,
74,enquiries,1.0,102,,
75,@,2.0,102,,
76,iress.com,1.0,102,,
77,www.iress.com,1.0,102,,
78,4.7.3,2.0,102,,
79,4.10.3,4.0,102,,
80,council,28.0,102,,
81,principles,24.0,102,,
82,recommendations,29.0,102,,
83,key,25.0,102,,
84,disclosures,17.0,102,,
85,name,3.0,102,,
86,entity,95.0,102,,
87,abn/arbn,1.0,102,,
88,financial,37.0,102,,
89,year,19.0,102,,
90,ended,1.0,102,,
91,2021,30.0,102,,
92,statement1,1.0,102,,
93,found,2.0,102,,
94,at:2,1.0,102,,
95,☐,68.0,102,,
96,☒,36.0,102,,
97,pages,5.0,102,,
98,annual,37.0,102,,
99,report,31.0,102,,
100,url,4.0,102,,
101,website,12.0,102,,
102,https,21.0,102,,
103,//www.iress.com/trust/corporate-governance/corporate-,1.0,102,,
104,governance-statement/,1.0,102,,
105,accurate,2.0,102,,
106,date,6.0,102,,
107,approved,10.0,102,,
108,board,158.0,102,,
109,annexure,2.0,102,,
110,includes,5.0,102,,
111,located.3,1.0,102,,
112,authorised,1.0,102,,
113,authorising,1.0,102,,
114,lodgement,1.0,102,,
115,1,14.0,102,,
116,“,10.0,102,,
117,”,10.0,102,,
118,defined,4.0,102,,
119,rule,10.0,102,,
120,19.12,1.0,102,,
121,mean,1.0,102,,
122,referred,10.0,102,,
123,discloses,1.0,102,,
124,extent,3.0,102,,
125,followed,28.0,102,,
126,set,59.0,102,,
127,asx,47.0,102,,
128,particular,9.0,102,,
129,requires,4.0,102,,
130,included,7.0,102,,
131,official,1.0,102,,
132,list,2.0,102,,
133,include,5.0,102,,
134,either,2.0,102,,
135,meets,2.0,102,,
136,requirements,6.0,102,,
137,page,19.0,102,,
138,located,1.0,102,,
139,must,10.0,102,,
140,disclose,35.0,102,,
141,recommendation,70.0,102,,
142,part,2.0,102,,
143,separately,5.0,102,,
144,identify,5.0,102,,
145,state,1.0,102,,
146,reasons,12.0,102,,
147,alternative,4.0,102,,
148,practices,13.0,102,,
149,adopted,10.0,102,,
150,lieu,1.0,102,,
151,4.7.4,1.0,102,,
152,chooses,1.0,102,,
153,rather,3.0,102,,
154,lodge,2.0,102,,
155,copy,8.0,102,,
156,time,13.0,102,,
157,lodges,2.0,102,,
158,current,17.0,102,,
159,effective,4.0,102,,
160,specified,4.0,102,,
161,purposes,4.0,102,,
162,4.10.3.,2.0,102,,
163,also,13.0,102,,
164,completed,2.0,102,,
165,serves,1.0,102,,
166,dual,1.0,102,,
167,purpose,3.0,102,,
168,acts,4.0,102,,
169,designed,3.0,102,,
170,assist,4.0,102,,
171,readers,1.0,102,,
172,locate,1.0,102,,
173,made,10.0,102,,
174,listed,51.0,102,,
175,verification,1.0,102,,
176,tool,1.0,102,,
177,entities,4.0,102,,
178,confirm,1.0,102,,
179,met,5.0,102,,
180,disclosure,18.0,102,,
181,substitute,1.0,102,,
182,confused,1.0,102,,
183,'s,1.0,102,,
184,serve,4.0,102,,
185,different,1.0,102,,
186,produce,1.0,102,,
187,2,17.0,102,,
188,tick,2.0,102,,
189,whichever,1.0,102,,
190,option,7.0,102,,
191,correct,1.0,102,,
192,complete,2.0,102,,
193,number,8.0,102,,
194,web,2.0,102,,
195,wish,4.0,102,,
196,delete,5.0,102,,
197,applicable,28.0,102,,
198,throughout,5.0,102,,
199,form,4.0,102,,
200,given,2.0,102,,
201,two,3.0,102,,
202,options,2.0,102,,
203,select,2.0,102,,
204,retain,1.0,102,,
205,end,6.0,102,,
206,selection,2.0,102,,
207,see,4.0,102,,
208,notes,1.0,102,,
209,4,15.0,102,,
210,5,14.0,102,,
211,instructions,1.0,102,,
212,17/7/2020,12.0,102,,
213,box,24.0,102,,
214,"ticked,4",11.0,102,,
215,full,31.0,102,,
216,whole,25.0,102,,
217,disclosed,37.0,102,,
218,ticked,11.0,102,,
219,are:5,11.0,102,,
220,principle,9.0,102,,
221,lay,1.0,102,,
222,solid,1.0,102,,
223,foundations,1.0,102,,
224,management,55.0,102,,
225,oversight,4.0,102,,
226,1.1,3.0,102,,
227,charter,21.0,102,,
228,setting,8.0,102,,
229,respective,2.0,102,,
230,roles,4.0,102,,
231,responsibilities,14.0,102,,
232,matters,12.0,102,,
233,expressly,1.0,102,,
234,reserved,2.0,102,,
235,delegated,5.0,102,,
236,b,29.0,102,,
237,sections,8.0,102,,
238,//www.iress.com/trust/corporate-governance/governance-,11.0,102,,
239,documents/board-charter/,1.0,102,,
240,externally,25.0,102,,
241,managed,27.0,102,,
242,therefore,23.0,102,,
243,1.2,2.0,102,,
244,1.3,2.0,102,,
245,1.4,1.0,102,,
246,undertake,3.0,102,,
247,appropriate,17.0,102,,
248,checks,3.0,102,,
249,appointing,3.0,102,,
250,director,43.0,102,,
251,senior,21.0,102,,
252,executive,31.0,102,,
253,putting,2.0,102,,
254,someone,1.0,102,,
255,forward,2.0,102,,
256,election,3.0,102,,
257,provide,7.0,102,,
258,security,27.0,102,,
259,holders,11.0,102,,
260,material,19.0,102,,
261,possession,2.0,102,,
262,relevant,22.0,102,,
263,decision,2.0,102,,
264,whether,15.0,102,,
265,elect,2.0,102,,
266,re-elect,2.0,102,,
267,3.6,3.0,102,,
268,10.3,2.0,102,,
269,written,6.0,102,,
270,agreement,2.0,102,,
271,terms,9.0,102,,
272,appointment,8.0,102,,
273,section,38.0,102,,
274,accountable,3.0,102,,
275,directly,3.0,102,,
276,chair,23.0,102,,
277,proper,2.0,102,,
278,functioning,2.0,102,,
279,11.2,2.0,102,,
280,column,2.0,102,,
281,obligation,3.0,102,,
282,attached,1.0,102,,
283,insert,8.0,102,,
284,location,5.0,102,,
285,indicated,1.0,102,,
286,line,1.0,102,,
287,underneath,1.0,102,,
288,question,2.0,102,,
289,need,2.0,102,,
290,eg,2.0,102,,
291,10-12,1.0,102,,
292,accessed,1.0,102,,
293,www.entityname.com.au/corporate,1.0,102,,
294,governance/charters/,1.0,102,,
295,re-format,1.0,102,,
296,c,9.0,102,,
297,diversity,23.0,102,,
298,policy,43.0,102,,
299,committee,77.0,102,,
300,measurable,10.0,102,,
301,objectives,14.0,102,,
302,achieving,10.0,102,,
303,gender,19.0,102,,
304,composition,10.0,102,,
305,executives,23.0,102,,
306,workforce,6.0,102,,
307,generally,7.0,102,,
308,relation,9.0,102,,
309,achieve,2.0,102,,
310,progress,5.0,102,,
311,towards,2.0,102,,
312,proportions,1.0,102,,
313,men,1.0,102,,
314,women,3.0,102,,
315,positions,1.0,102,,
316,across,13.0,102,,
317,including,20.0,102,,
318,employer,5.0,102,,
319,workplace,2.0,102,,
320,equality,4.0,102,,
321,act,14.0,102,,
322,recent,1.0,102,,
323,indicators,2.0,102,,
324,published,3.0,102,,
325,/,3.0,102,,
326,300,2.0,102,,
327,index,2.0,102,,
328,commencement,2.0,102,,
329,objective,8.0,102,,
330,less,2.0,102,,
331,30,3.0,102,,
332,%,20.0,102,,
333,directors,75.0,102,,
334,within,9.0,102,,
335,process,17.0,102,,
336,periodically,10.0,102,,
337,evaluating,6.0,102,,
338,performance,40.0,102,,
339,committees,9.0,102,,
340,individual,7.0,102,,
341,evaluation,14.0,102,,
342,undertaken,6.0,102,,
343,accordance,10.0,102,,
344,respect,4.0,102,,
345,documents/diversity-policy/,1.0,102,,
346,paragraph,4.0,102,,
347,5.3,3.0,102,,
348,5.4,2.0,102,,
349,22.1,3.0,102,,
350,1.5,1.0,102,,
351,1.6,1.0,102,,
352,1.7,1.0,102,,
353,least,7.0,102,,
354,every,4.0,102,,
355,22.2,3.0,102,,
356,nomination,8.0,102,,
357,-,12.0,102,,
358,structure,1.0,102,,
359,add,1.0,102,,
360,value,9.0,102,,
361,2.1,3.0,102,,
362,fact,7.0,102,,
363,processes,19.0,102,,
364,employ,2.0,102,,
365,address,5.0,102,,
366,succession,8.0,102,,
367,issues,14.0,102,,
368,ensure,33.0,102,,
369,balance,4.0,102,,
370,skills,26.0,102,,
371,knowledge,11.0,102,,
372,experience,28.0,102,,
373,independence,8.0,102,,
374,enable,3.0,102,,
375,discharge,4.0,102,,
376,duties,7.0,102,,
377,effectively,6.0,102,,
378,3.2,5.0,102,,
379,g,6.0,102,,
380,10.1,2.0,102,,
381,10.2,2.0,102,,
382,"14,4",1.0,102,,
383,three,11.0,102,,
384,members,20.0,102,,
385,majority,7.0,102,,
386,independent,24.0,102,,
387,chaired,4.0,102,,
388,times,5.0,102,,
389,attendances,4.0,102,,
390,meetings,16.0,102,,
391,employs,5.0,102,,
392,2.2,2.0,102,,
393,matrix,5.0,102,,
394,mix,3.0,102,,
395,currently,2.0,102,,
396,looking,1.0,102,,
397,membership,1.0,102,,
398,9.2,3.0,102,,
399,names,2.0,102,,
400,considered,6.0,102,,
401,8,5.0,102,,
402,15,7.0,102,,
403,length,2.0,102,,
404,service,6.0,102,,
405,9,4.0,102,,
406,10,3.0,102,,
407,values,8.0,102,,
408,//www.iress.com/about/about-us/,3.0,102,,
409,code,9.0,102,,
410,conduct,9.0,102,,
411,documents/code-ethics-conduct-policy/,1.0,102,,
412,instil,2.0,102,,
413,culture,5.0,102,,
414,acting,3.0,102,,
415,lawfully,2.0,102,,
416,ethically,2.0,102,,
417,responsibly,3.0,102,,
418,3.1,3.0,102,,
419,articulate,1.0,102,,
420,interest,4.0,102,,
421,position,10.0,102,,
422,affiliation,1.0,102,,
423,relationship,3.0,102,,
424,type,1.0,102,,
425,described,3.0,102,,
426,2.3,3.0,102,,
427,opinion,8.0,102,,
428,compromise,1.0,102,,
429,nature,1.0,102,,
430,explanation,1.0,102,,
431,person,8.0,102,,
432,ceo,6.0,102,,
433,program,3.0,102,,
434,inducting,2.0,102,,
435,new,8.0,102,,
436,reviewing,3.0,102,,
437,existing,2.0,102,,
438,professional,6.0,102,,
439,development,5.0,102,,
440,maintain,6.0,102,,
441,needed,2.0,102,,
442,perform,4.0,102,,
443,role,12.0,102,,
444,employees,15.0,102,,
445,informed,4.0,102,,
446,breaches,5.0,102,,
447,2.4,1.0,102,,
448,2.5,1.0,102,,
449,2.6,1.0,102,,
450,whistleblower,3.0,102,,
451,documents/whistleblowing-policy/,1.0,102,,
452,anti-bribery,5.0,102,,
453,corruption,8.0,102,,
454,documents/anti-bribery-corruption-policy/,1.0,102,,
455,6,13.0,102,,
456,14,2.0,102,,
457,documents/audit-risk-committee-charter/,2.0,102,,
458,paragraphs,4.0,102,,
459,20-21,1.0,102,,
460,28,4.0,102,,
461,3.3,2.0,102,,
462,3.4,2.0,102,,
463,incidents,3.0,102,,
464,reported,7.0,102,,
465,safeguard,2.0,102,,
466,integrity,9.0,102,,
467,reports,20.0,102,,
468,4.1,3.0,102,,
469,audit,39.0,102,,
470,non-,5.0,102,,
471,qualifications,4.0,102,,
472,independently,3.0,102,,
473,verify,2.0,102,,
474,removal,2.0,102,,
475,external,21.0,102,,
476,auditor,9.0,102,,
477,rotation,1.0,102,,
478,engagement,8.0,102,,
479,partner,6.0,102,,
480,4.2,4.0,102,,
481,4.3,3.0,102,,
482,approves,2.0,102,,
483,statements,7.0,102,,
484,receive,5.0,102,,
485,cfo,7.0,102,,
486,declaration,5.0,102,,
487,records,3.0,102,,
488,properly,2.0,102,,
489,maintained,3.0,102,,
490,comply,3.0,102,,
491,accounting,4.0,102,,
492,standards,8.0,102,,
493,give,3.0,102,,
494,true,3.0,102,,
495,fair,2.0,102,,
496,view,4.0,102,,
497,formed,2.0,102,,
498,basis,4.0,102,,
499,sound,7.0,102,,
500,system,6.0,102,,
501,risk,76.0,102,,
502,internal,23.0,102,,
503,control,11.0,102,,
504,operating,5.0,102,,
505,periodic,6.0,102,,
506,releases,3.0,102,,
507,audited,3.0,102,,
508,reviewed,6.0,102,,
509,make,3.0,102,,
510,timely,2.0,102,,
511,balanced,3.0,102,,
512,5.1,2.0,102,,
513,complying,3.0,102,,
514,continuous,6.0,102,,
515,obligations,12.0,102,,
516,5.2,2.0,102,,
517,receives,3.0,102,,
518,copies,3.0,102,,
519,promptly,2.0,102,,
520,gives,2.0,102,,
521,substantive,4.0,102,,
522,investor,6.0,102,,
523,analyst,3.0,102,,
524,presentation,4.0,102,,
525,materials,2.0,102,,
526,platform,2.0,102,,
527,ahead,2.0,102,,
528,rights,4.0,102,,
529,6.1,2.0,102,,
530,investors,5.0,102,,
531,via,2.0,102,,
532,6.2,2.0,102,,
533,relations,3.0,102,,
534,facilitates,2.0,102,,
535,two-way,1.0,102,,
536,communication,1.0,102,,
537,6.6,2.0,102,,
538,15.9,2.0,102,,
539,18,2.0,102,,
540,compliance,14.0,102,,
541,documents/disclosure-communication-policy/,2.0,102,,
542,17.1,2.0,102,,
543,17.2,2.0,102,,
544,us,1.0,102,,
545,//www.iress.com/trust/corporate-governance/,2.0,102,,
546,21,2.0,102,,
547,7,8.0,102,,
548,6.3,2.0,102,,
549,encourages,4.0,102,,
550,participation,4.0,102,,
551,6.4,2.0,102,,
552,6.5,2.0,102,,
553,resolutions,2.0,102,,
554,meeting,12.0,102,,
555,decided,2.0,102,,
556,poll,2.0,102,,
557,show,2.0,102,,
558,hands,2.0,102,,
559,communications,7.0,102,,
560,send,2.0,102,,
561,registry,2.0,102,,
562,electronically,2.0,102,,
563,facilitate,2.0,102,,
564,encourage,1.0,102,,
565,recognise,1.0,102,,
566,manage,9.0,102,,
567,7.1,3.0,102,,
568,oversee,6.0,102,,
569,satisfy,2.0,102,,
570,overseeing,2.0,102,,
571,framework,11.0,102,,
572,7.2,2.0,102,,
573,7.3,3.0,102,,
574,7.4,2.0,102,,
575,review,11.0,102,,
576,annually,3.0,102,,
577,continues,5.0,102,,
578,due,2.0,102,,
579,regard,2.0,102,,
580,appetite,4.0,102,,
581,taken,1.0,102,,
582,place,11.0,102,,
583,function,10.0,102,,
584,structured,1.0,102,,
585,performs,1.0,102,,
586,continually,4.0,102,,
587,improving,3.0,102,,
588,effectiveness,5.0,102,,
589,exposure,5.0,102,,
590,environmental,8.0,102,,
591,social,6.0,102,,
592,risks,14.0,102,,
593,manages,2.0,102,,
594,intends,1.0,102,,
595,remunerate,1.0,102,,
596,fairly,3.0,102,,
597,intend,1.0,102,,
598,documents/people-performance-committee-charter/,1.0,102,,
599,12,4.0,102,,
600,remuneration,32.0,102,,
601,policies,19.0,102,,
602,regarding,2.0,102,,
603,non-executive,11.0,102,,
604,58,1.0,102,,
605,issue,2.0,102,,
606,summary,3.0,102,,
607,documents/share-trading-policy/,1.0,102,,
608,equity-based,2.0,102,,
609,scheme,3.0,102,,
610,ensuring,3.0,102,,
611,excessive,1.0,102,,
612,participants,1.0,102,,
613,permitted,2.0,102,,
614,enter,1.0,102,,
615,transactions,2.0,102,,
616,use,3.0,102,,
617,derivatives,1.0,102,,
618,otherwise,1.0,102,,
619,limit,1.0,102,,
620,economic,7.0,102,,
621,participating,1.0,102,,
622,8.1,4.0,102,,
623,8.2,3.0,102,,
624,8.3,3.0,102,,
625,additional,8.0,102,,
626,apply,1.0,102,,
627,certain,1.0,102,,
628,cases,2.0,102,,
629,9.1,3.0,102,,
630,………………………………………………………………………,1.0,102,,
631,[,3.0,102,,
632,],3.0,102,,
633,speak,2.0,102,,
634,language,1.0,102,,
635,holder,2.0,102,,
636,held,5.0,102,,
637,documents,2.0,102,,
638,understands,2.0,102,,
639,contribute,1.0,102,,
640,discussions,3.0,102,,
641,established,6.0,102,,
642,outside,5.0,102,,
643,reasonable,3.0,102,,
644,agm,6.0,102,,
645,attends,1.0,102,,
646,available,5.0,102,,
647,answer,2.0,102,,
648,questions,2.0,102,,
649,hold,2.0,102,,
650,9.3,2.0,102,,
651,responsible,9.0,102,,
652,arrangements,3.0,102,,
653,managing,2.0,102,,
654,affairs,2.0,102,,
655,responsibility,3.0,102,,
656,……………………………………………………………………………,2.0,102,,
657,..,2.0,102,,
658,11,2.0,102,,
659,clearly,1.0,102,,
660,governing,2.0,102,,
661,committed,3.0,102,,
662,issued,1.0,102,,
663,complied,3.0,102,,
664,4th,1.0,102,,
665,edition,1.0,102,,
666,introduction,1.0,102,,
667,works,1.0,102,,
668,well-established,1.0,102,,
669,reinforce,2.0,102,,
670,corporations,7.0,102,,
671,2001,1.0,102,,
672,cth,2.0,102,,
673,securities,9.0,102,,
674,many,1.0,102,,
675,elements,1.0,102,,
676,enshrined,1.0,102,,
677,constitution,3.0,102,,
678,addition,3.0,102,,
679,operates,3.0,102,,
680,intended,1.0,102,,
681,supplement,1.0,102,,
682,description,2.0,102,,
683,continue,4.0,102,,
684,developed,4.0,102,,
685,refined,1.0,102,,
686,meet,2.0,102,,
687,needs,1.0,102,,
688,outlines,1.0,102,,
689,aspects,1.0,102,,
690,mechanisms,1.0,102,,
691,kept,1.0,102,,
692,summaries,1.0,102,,
693,charters,3.0,102,,
694,operate,1.0,102,,
695,3.,2.0,102,,
696,ultimate,1.0,102,,
697,strategy,11.0,102,,
698,business,25.0,102,,
699,subsidiaries,1.0,102,,
700,group,21.0,102,,
701,benefit,2.0,102,,
702,general,13.0,102,,
703,body,2.0,102,,
704,shareholders,19.0,102,,
705,considering,2.0,102,,
706,regulatory,7.0,102,,
707,ethical,8.0,102,,
708,expectations,4.0,102,,
709,functions,3.0,102,,
710,approve,6.0,102,,
711,efforts,1.0,102,,
712,monitor,7.0,102,,
713,promote,4.0,102,,
714,organization,1.0,102,,
715,ii,7.0,102,,
716,planning,4.0,102,,
717,strategies,7.0,102,,
718,budgets,1.0,102,,
719,plans,8.0,102,,
720,evaluate,6.0,102,,
721,order,3.0,102,,
722,team,8.0,102,,
723,major,2.0,102,,
724,capital,5.0,102,,
725,expenditure,1.0,102,,
726,acquisitions,2.0,102,,
727,divestitures,1.0,102,,
728,strategic,10.0,102,,
729,commitments,1.0,102,,
730,assess,3.0,102,,
731,suitability,1.0,102,,
732,overall,4.0,102,,
733,resource,3.0,102,,
734,allocation,1.0,102,,
735,constructively,1.0,102,,
736,challenge,1.0,102,,
737,drive,3.0,102,,
738,thinking,1.0,102,,
739,used,2.0,102,,
740,widest,1.0,102,,
741,sense,1.0,102,,
742,iii,5.0,102,,
743,/managing,1.0,102,,
744,md,1.0,102,,
745,comprising,1.0,102,,
746,direct,5.0,102,,
747,ceo/md,23.0,102,,
748,appoint,1.0,102,,
749,ongoing,3.0,102,,
750,execution,2.0,102,,
751,conducted,2.0,102,,
752,determine,5.0,102,,
753,incentive,2.0,102,,
754,packages,1.0,102,,
755,aligned,1.0,102,,
756,equity,2.0,102,,
757,iv,2.0,102,,
758,results,10.0,102,,
759,understand,2.0,102,,
760,adequacy,3.0,102,,
761,half,5.0,102,,
762,robust,1.0,102,,
763,systems,5.0,102,,
764,making,1.0,102,,
765,concerning,1.0,102,,
766,would,6.0,102,,
767,expect,1.0,102,,
768,effect,1.0,102,,
769,price,1.0,102,,
770,enhance,1.0,102,,
771,protect,1.0,102,,
772,reputation,2.0,102,,
773,shareholder,4.0,102,,
774,v,1.0,102,,
775,nominate,1.0,102,,
776,arrange,1.0,102,,
777,training,1.0,102,,
778,collectively,2.0,102,,
779,expertise,3.0,102,,
780,deal,2.0,102,,
781,emerging,2.0,102,,
782,develop,2.0,102,,
783,carrying,1.0,102,,
784,regularly,5.0,102,,
785,discuss,2.0,102,,
786,specific,4.0,102,,
787,consistent,2.0,102,,
788,pursuant,3.0,102,,
789,stated,1.0,102,,
790,3.5,1.0,102,,
791,delegates,1.0,102,,
792,resources,3.0,102,,
793,leadership,6.0,102,,
794,powers,1.0,102,,
795,specifically,1.0,102,,
796,deemed,1.0,102,,
797,undertakes,3.0,102,,
798,employment,3.0,102,,
799,describing,1.0,102,,
800,implementation,2.0,102,,
801,day-to-day,1.0,102,,
802,operation,1.0,102,,
803,4.,2.0,102,,
804,ethics,6.0,102,,
805,upholding,2.0,102,,
806,high,4.0,102,,
807,moral,1.0,102,,
808,activities,4.0,102,,
809,aims,3.0,102,,
810,strengthen,1.0,102,,
811,climate,2.0,102,,
812,basic,1.0,102,,
813,guidelines,2.0,102,,
814,situations,1.0,102,,
815,arise,2.0,102,,
816,applies,2.0,102,,
817,globally,2.0,102,,
818,sets,3.0,102,,
819,behaviour,3.0,102,,
820,practice,2.0,102,,
821,beyond,1.0,102,,
822,law,4.0,102,,
823,based,1.0,102,,
824,whereby,1.0,102,,
825,strives,2.0,102,,
826,customers,3.0,102,,
827,suppliers,4.0,102,,
828,character,1.0,102,,
829,highest,3.0,102,,
830,standard,4.0,102,,
831,dealings,6.0,102,,
832,behave,1.0,102,,
833,government,2.0,102,,
834,community,2.0,102,,
835,knowingly,1.0,102,,
836,support,6.0,102,,
837,public,1.0,102,,
838,private,1.0,102,,
839,organisation,5.0,102,,
840,espouses,1.0,102,,
841,discriminatory,1.0,102,,
842,expects,1.0,102,,
843,honesty,1.0,102,,
844,truthfulness,1.0,102,,
845,subcommittee,2.0,102,,
846,laws,3.0,102,,
847,relating,7.0,102,,
848,discrimination,1.0,102,,
849,health,2.0,102,,
850,safety,2.0,102,,
851,trade,1.0,102,,
852,procedures,9.0,102,,
853,aware,1.0,102,,
854,privacy,1.0,102,,
855,handling,1.0,102,,
856,provided,5.0,102,,
857,4.4,1.0,102,,
858,authority,1.0,102,,
859,disregard,1.0,102,,
860,another,2.0,102,,
861,employee,4.0,102,,
862,violate,1.0,102,,
863,behalf,2.0,102,,
864,communicate,1.0,102,,
865,4.5,1.0,102,,
866,4.6,1.0,102,,
867,4.7,1.0,102,,
868,4.8,1.0,102,,
869,4.9,1.0,102,,
870,4.10,1.0,102,,
871,whistleblowing,4.0,102,,
872,unlawful,1.0,102,,
873,unethical,2.0,102,,
874,irresponsible,1.0,102,,
875,details,5.0,102,,
876,agency,1.0,102,,
877,workers,1.0,102,,
878,contractors,3.0,102,,
879,self-employed,1.0,102,,
880,may,25.0,102,,
881,instances,1.0,102,,
882,grounds,1.0,102,,
883,suspect,1.0,102,,
884,represent,1.0,102,,
885,inappropriate,1.0,102,,
886,illegal,1.0,102,,
887,fraudulent,1.0,102,,
888,matter,7.0,102,,
889,course,2.0,102,,
890,inform,2.0,102,,
891,happy,1.0,102,,
892,way,3.0,102,,
893,concern,2.0,102,,
894,handled,1.0,102,,
895,raise,1.0,102,,
896,people,22.0,102,,
897,parent,1.0,102,,
898,concerns,2.0,102,,
899,contracted,1.0,102,,
900,call,1.0,102,,
901,solutions,4.0,102,,
902,provider,2.0,102,,
903,confidentially,1.0,102,,
904,tolerate,1.0,102,,
905,bribery,3.0,102,,
906,neither,1.0,102,,
907,third,3.0,102,,
908,party,1.0,102,,
909,corruptly,1.0,102,,
910,working,3.0,102,,
911,observing,1.0,102,,
912,provides,2.0,102,,
913,guidance,1.0,102,,
914,broad,3.0,102,,
915,diverse,5.0,102,,
916,base,4.0,102,,
917,several,2.0,102,,
918,international,7.0,102,,
919,jurisdictions,3.0,102,,
920,monitors,2.0,102,,
921,definition,4.0,102,,
922,levels,3.0,102,,
923,broadly,1.0,102,,
924,staff,4.0,102,,
925,observe,1.0,102,,
926,bias,4.0,102,,
927,impediments,1.0,102,,
928,believes,3.0,102,,
929,ratios,1.0,102,,
930,reflect,2.0,102,,
931,well,8.0,102,,
932,formal,1.0,102,,
933,one,3.0,102,,
934,important,2.0,102,,
935,aspect,1.0,102,,
936,assesses,1.0,102,,
937,together,3.0,102,,
938,done,1.0,102,,
939,conjunction,4.0,102,,
940,//www.iress.com/trust/corporate-governance/governance-documents/diversity-policy/,1.0,102,,
941,//www.iress.com/trust/corporate-governance/governance-documents/gender-diversity/,1.0,102,,
942,background,2.0,102,,
943,update,1.0,102,,
944,promoting,2.0,102,,
945,adopts,1.0,102,,
946,increase,3.0,102,,
947,female,8.0,102,,
948,representation,6.0,102,,
949,40,2.0,102,,
950,population,1.0,102,,
951,35,2.0,102,,
952,2024.,1.0,102,,
953,increased,1.0,102,,
954,35.5,1.0,102,,
955,35.7,1.0,102,,
956,attracting,1.0,102,,
957,talent,3.0,102,,
958,2020,7.0,102,,
959,hiring,1.0,102,,
960,reduce,3.0,102,,
961,using,1.0,102,,
962,virtual,1.0,102,,
963,tools,2.0,102,,
964,changing,1.0,102,,
965,world,1.0,102,,
966,recruitment,2.0,102,,
967,focused,2.0,102,,
968,effort,1.0,102,,
969,changes,1.0,102,,
970,create,3.0,102,,
971,change,4.0,102,,
972,target,1.0,102,,
973,candidate,2.0,102,,
974,applicants,1.0,102,,
975,37.8,1.0,102,,
976,41.7,1.0,102,,
977,disparity,1.0,102,,
978,consistently,1.0,102,,
979,rewarded,1.0,102,,
980,implementing,2.0,102,,
981,pay,1.0,102,,
982,like,1.0,102,,
983,undertaking,2.0,102,,
984,role-by-role,1.0,102,,
985,reviews,6.0,102,,
986,country,1.0,102,,
987,parity,1.0,102,,
988,analysis,1.0,102,,
989,regions,1.0,102,,
990,salary,1.0,102,,
991,63,1.0,102,,
992,females,2.0,102,,
993,received,2.0,102,,
994,versus,1.0,102,,
995,59,1.0,102,,
996,males,1.0,102,,
997,ranging,1.0,102,,
998,55,1.0,102,,
999,87,1.0,102,,
1000,region,1.0,102,,
1001,establish,2.0,102,,
1002,inclusion,2.0,102,,
1003,leader,1.0,102,,
1004,choice,3.0,102,,
1005,recognition,1.0,102,,
1006,demonstrates,1.0,102,,
1007,active,1.0,102,,
1008,commitment,2.0,102,,
1009,wgea,1.0,102,,
1010,status,3.0,102,,
1011,‘,2.0,102,,
1012,endorsed,1.0,102,,
1013,work180,2.0,102,,
1014,uk,5.0,102,,
1015,tech,2.0,102,,
1016,finance,4.0,102,,
1017,achieved,1.0,102,,
1018,holds,2.0,102,,
1019,citation,1.0,102,,
1020,2019-2021.,1.0,102,,
1021,total,4.0,102,,
1022,amounting,3.0,102,,
1023,50,1.0,102,,
1024,excluding,4.0,102,,
1025,constitute,1.0,102,,
1026,42.86,1.0,102,,
1027,28.57,1.0,102,,
1028,compared,2.0,102,,
1029,21.00,1.0,102,,
1030,previous,1.0,102,,
1031,802,1.0,102,,
1032,2228,1.0,102,,
1033,employed,1.0,102,,
1034,35.99,1.0,102,,
1035,35.58,1.0,102,,
1036,2020.,1.0,102,,
1037,kmp,1.0,102,,
1038,6.,1.0,102,,
1039,non-financial,1.0,102,,
1040,enabling,1.0,102,,
1041,prudent,1.0,102,,
1042,risk-taking,1.0,102,,
1043,contain,1.0,102,,
1044,element,1.0,102,,
1045,philosophy,1.0,102,,
1046,toward,1.0,102,,
1047,advance,2.0,102,,
1048,potential,5.0,102,,
1049,mitigation,1.0,102,,
1050,risk/reward,1.0,102,,
1051,equation,1.0,102,,
1052,proceed,1.0,102,,
1053,calculated,1.0,102,,
1054,taking,2.0,102,,
1055,viewed,1.0,102,,
1056,essential,2.0,102,,
1057,approach,2.0,102,,
1058,creating,1.0,102,,
1059,long,3.0,102,,
1060,term,6.0,102,,
1061,approving,1.0,102,,
1062,tasks,2.0,102,,
1063,assessing,2.0,102,,
1064,counsel,3.0,102,,
1065,day,7.0,102,,
1066,design,1.0,102,,
1067,performed,2.0,102,,
1068,reference,3.0,102,,
1069,adequately,1.0,102,,
1070,agenda,1.0,102,,
1071,item,1.0,102,,
1072,initiated,1.0,102,,
1073,extended,1.0,102,,
1074,light,1.0,102,,
1075,acquisition,2.0,102,,
1076,november,2.0,102,,
1077,onevue,2.0,102,,
1078,holdings,1.0,102,,
1079,outcome,1.0,102,,
1080,establishment,1.0,102,,
1081,dedicated,2.0,102,,
1082,late,1.0,102,,
1083,specialist,3.0,102,,
1084,providing,4.0,102,,
1085,various,5.0,102,,
1086,units,2.0,102,,
1087,enterprise-wide,1.0,102,,
1088,driving,1.0,102,,
1089,initiatives,1.0,102,,
1090,aimed,1.0,102,,
1091,uplifting,1.0,102,,
1092,capability,2.0,102,,
1093,determined,3.0,102,,
1094,present,2.0,102,,
1095,range,4.0,102,,
1096,improve,1.0,102,,
1097,comprehensive,2.0,102,,
1098,budgeting,1.0,102,,
1099,budget,2.0,102,,
1100,monthly,1.0,102,,
1101,actual,1.0,102,,
1102,benchmark,1.0,102,,
1103,revised,1.0,102,,
1104,forecasts,2.0,102,,
1105,prepared,3.0,102,,
1106,consideration,2.0,102,,
1107,controls,9.0,102,,
1108,technology,12.0,102,,
1109,govern,1.0,102,,
1110,ceo/cfo,1.0,102,,
1111,accounts,2.0,102,,
1112,295a,1.0,102,,
1113,corresponding,1.0,102,,
1114,declarations,1.0,102,,
1115,receipt,1.0,102,,
1116,supporting,1.0,102,,
1117,assurance,1.0,102,,
1118,letters,1.0,102,,
1119,signed,1.0,102,,
1120,managers,1.0,102,,
1121,regulated,1.0,102,,
1122,services,9.0,102,,
1123,licences,1.0,102,,
1124,delivers,1.0,102,,
1125,superannuation,2.0,102,,
1126,administration,3.0,102,,
1127,funds,2.0,102,,
1128,quality,1.0,102,,
1129,personnel,2.0,102,,
1130,human,3.0,102,,
1131,related,2.0,102,,
1132,h,1.0,102,,
1133,directed,1.0,102,,
1134,advice,5.0,102,,
1135,engages,2.0,102,,
1136,experts,1.0,102,,
1137,particularly,1.0,102,,
1138,areas,1.0,102,,
1139,tax,1.0,102,,
1140,valuation,1.0,102,,
1141,technical,2.0,102,,
1142,performing,2.0,102,,
1143,appropriately,1.0,102,,
1144,documented,1.0,102,,
1145,exception,1.0,102,,
1146,corrective,1.0,102,,
1147,action,2.0,102,,
1148,highlight,1.0,102,,
1149,departures,1.0,102,,
1150,functional,2.0,102,,
1151,specialty,1.0,102,,
1152,example,1.0,102,,
1153,pre,1.0,102,,
1154,and/or,1.0,102,,
1155,post,1.0,102,,
1156,request,1.0,102,,
1157,ad-hoc,1.0,102,,
1158,area,1.0,102,,
1159,iso/iec,3.0,102,,
1160,27001:2013,3.0,102,,
1161,certification,5.0,102,,
1162,april,2.0,102,,
1163,2025.,2.0,102,,
1164,organisations,1.0,102,,
1165,put,1.0,102,,
1166,likelihood,1.0,102,,
1167,innocent,1.0,102,,
1168,malicious,1.0,102,,
1169,impact,3.0,102,,
1170,occur,1.0,102,,
1171,fulfils,1.0,102,,
1172,combination,1.0,102,,
1173,consultancies,1.0,102,,
1174,audits,4.0,102,,
1175,assessments,1.0,102,,
1176,according,2.0,102,,
1177,plan,1.0,102,,
1178,subject,5.0,102,,
1179,uphold,1.0,102,,
1180,iso,1.0,102,,
1181,27001,1.0,102,,
1182,//www.iso.org/isoiec-27001-,1.0,102,,
1183,information-security.html,1.0,102,,
1184,recertification,1.0,102,,
1185,carried,1.0,102,,
1186,years,7.0,102,,
1187,intermediate,1.0,102,,
1188,maintenance,1.0,102,,
1189,',1.0,102,,
1190,last,1.0,102,,
1191,october,2.0,102,,
1192,re-certification,1.0,102,,
1193,extending,1.0,102,,
1194,accountability,2.0,102,,
1195,sits,1.0,102,,
1196,ciso,2.0,102,,
1197,updates,1.0,102,,
1198,leads,1.0,102,,
1199,global,3.0,102,,
1200,augmented,1.0,102,,
1201,consultancy,1.0,102,,
1202,7.,1.0,102,,
1203,sustainability,3.0,102,,
1204,dynamic,1.0,102,,
1205,highly-regulated,1.0,102,,
1206,industry,5.0,102,,
1207,exposed,2.0,102,,
1208,often,1.0,102,,
1209,conditions,3.0,102,,
1210,domestically,1.0,102,,
1211,internationally,1.0,102,,
1212,client,2.0,102,,
1213,revenue,2.0,102,,
1214,accordingly,1.0,102,,
1215,demand,1.0,102,,
1216,mitigated,1.0,102,,
1217,geographic,1.0,102,,
1218,presence,2.0,102,,
1219,product,1.0,102,,
1220,portfolio,1.0,102,,
1221,though,1.0,102,,
1222,noted,1.0,102,,
1223,meaning,1.0,102,,
1224,seldom,1.0,102,,
1225,isolated,1.0,102,,
1226,single,1.0,102,,
1227,countries,1.0,102,,
1228,foreign,1.0,102,,
1229,movements,1.0,102,,
1230,affect,1.0,102,,
1231,profits,1.0,102,,
1232,repatriated,1.0,102,,
1233,relative,1.0,102,,
1234,contributions,1.0,102,,
1235,tends,1.0,102,,
1236,ameliorate,1.0,102,,
1237,offshore,1.0,102,,
1238,operations,3.0,102,,
1239,local,2.0,102,,
1240,currency,1.0,102,,
1241,aud,1.0,102,,
1242,better,1.0,102,,
1243,underlying,1.0,102,,
1244,pronounced,1.0,102,,
1245,shift,1.0,102,,
1246,segments,1.0,102,,
1247,organise,1.0,102,,
1248,products,1.0,102,,
1249,endeavours,2.0,102,,
1250,maintaining,3.0,102,,
1251,highly-skilled,1.0,102,,
1252,constantly,1.0,102,,
1253,consider,1.0,102,,
1254,test,1.0,102,,
1255,7.5,1.0,102,,
1256,utilisation,1.0,102,,
1257,technologies,1.0,102,,
1258,degree,1.0,102,,
1259,faces,1.0,102,,
1260,seek,4.0,102,,
1261,detailed,2.0,102,,
1262,22,1.0,102,,
1263,23,1.0,102,,
1264,7.6,1.0,102,,
1265,known,1.0,102,,
1266,impacts,2.0,102,,
1267,greater,1.0,102,,
1268,visibility,1.0,102,,
1269,considerations,1.0,102,,
1270,supply,1.0,102,,
1271,chain,1.0,102,,
1272,critical,1.0,102,,
1273,energy,2.0,102,,
1274,consumption,1.0,102,,
1275,consumed,1.0,102,,
1276,data,2.0,102,,
1277,centres,1.0,102,,
1278,contributes,1.0,102,,
1279,greenhouse,1.0,102,,
1280,gas,1.0,102,,
1281,emissions,3.0,102,,
1282,reduction,1.0,102,,
1283,started,1.0,102,,
1284,measure,1.0,102,,
1285,awareness,1.0,102,,
1286,measured,1.0,102,,
1287,intention,1.0,102,,
1288,science-based,1.0,102,,
1289,targets,1.0,102,,
1290,emissions-reduction,1.0,102,,
1291,pathway,1.0,102,,
1292,zero,1.0,102,,
1293,tolerance,1.0,102,,
1294,modern,7.0,102,,
1295,slavery,7.0,102,,
1296,communicated,1.0,102,,
1297,partners,1.0,102,,
1298,outset,1.0,102,,
1299,relationships,1.0,102,,
1300,reinforced,1.0,102,,
1301,thereafter,1.0,102,,
1302,2015,3.0,102,,
1303,2018,3.0,102,,
1304,cross,1.0,102,,
1305,esg,7.0,102,,
1306,procurement,1.0,102,,
1307,hr,1.0,102,,
1308,responsiblities,1.0,102,,
1309,7.7,1.0,102,,
1310,7.8,1.0,102,,
1311,far,1.0,102,,
1312,wellbeing,1.0,102,,
1313,monitoring,1.0,102,,
1314,trends,5.0,102,,
1315,occupational,1.0,102,,
1316,oh,2.0,102,,
1317,conducts,1.0,102,,
1318,surveys,2.0,102,,
1319,react,1.0,102,,
1320,satisfaction,2.0,102,,
1321,survey,1.0,102,,
1322,assessed,1.0,102,,
1323,factors,1.0,102,,
1324,geography,1.0,102,,
1325,launched,1.0,102,,
1326,foundation,1.0,102,,
1327,march,3.0,102,,
1328,2017,2.0,102,,
1329,initiative,1.0,102,,
1330,communities,1.0,102,,
1331,2019,4.0,102,,
1332,inaugural,1.0,102,,
1333,dealing,3.0,102,,
1334,publish,1.0,102,,
1335,yearly,3.0,102,,
1336,7.10,1.0,102,,
1337,7.9,1.0,102,,
1338,7.11,1.0,102,,
1339,8.,1.0,102,,
1340,non–executive,3.0,102,,
1341,decisions,1.0,102,,
1342,predominantly,1.0,102,,
1343,views,1.0,102,,
1344,free,2.0,102,,
1345,interests,8.0,102,,
1346,influences,1.0,102,,
1347,conflict,4.0,102,,
1348,duty,1.0,102,,
1349,factor,1.0,102,,
1350,biographies,1.0,102,,
1351,attributes,3.0,102,,
1352,sought,3.0,102,,
1353,could,3.0,102,,
1354,reasonably,2.0,102,,
1355,perceived,2.0,102,,
1356,materially,2.0,102,,
1357,interfere,1.0,102,,
1358,ability,2.0,102,,
1359,best,2.0,102,,
1360,appointed,4.0,102,,
1361,fulfilled,1.0,102,,
1362,8.4,1.0,102,,
1363,moreover,1.0,102,,
1364,represents,1.0,102,,
1365,9.,1.0,102,,
1366,commercial,2.0,102,,
1367,businesses,4.0,102,,
1368,rigorous,2.0,102,,
1369,dialogue,1.0,102,,
1370,broader,1.0,102,,
1371,insight,1.0,102,,
1372,perspectives,1.0,102,,
1373,practical,1.0,102,,
1374,developing,2.0,102,,
1375,successful,1.0,102,,
1376,preferably,1.0,102,,
1377,similar,1.0,102,,
1378,leverage,1.0,102,,
1379,markets,5.0,102,,
1380,wealth,2.0,102,,
1381,industries,3.0,102,,
1382,served,1.0,102,,
1383,assists,1.0,102,,
1384,numeracy,1.0,102,,
1385,literacy,1.0,102,,
1386,investment,2.0,102,,
1387,banking,2.0,102,,
1388,underpin,1.0,102,,
1389,probe,1.0,102,,
1390,testing,1.0,102,,
1391,assumptions,1.0,102,,
1392,organic,1.0,102,,
1393,investments,2.0,102,,
1394,formulating,1.0,102,,
1395,applying,1.0,102,,
1396,targeted,1.0,102,,
1397,transparent,1.0,102,,
1398,short,3.0,102,,
1399,programme,5.0,102,,
1400,publicly,1.0,102,,
1401,elected,2.0,102,,
1402,re-,1.0,102,,
1403,consistency,1.0,102,,
1404,mr,3.0,102,,
1405,sharp,1.0,102,,
1406,ms,3.0,102,,
1407,beattie,2.0,102,,
1408,substantial,5.0,102,,
1409,sector,1.0,102,,
1410,stakeholder,3.0,102,,
1411,advisory,1.0,102,,
1412,stewardship,1.0,102,,
1413,✔,6.0,102,,
1414,esg/sustainability,3.0,102,,
1415,j,6.0,102,,
1416,cameron,3.0,102,,
1417,marketing,2.0,102,,
1418,2010,2.0,102,,
1419,2013,1.0,102,,
1420,2016,1.0,102,,
1421,dwyer,3.0,102,,
1422,fahey,3.0,102,,
1423,vonhoff,3.0,102,,
1424,transformation,1.0,102,,
1425,delivery,1.0,102,,
1426,retail,1.0,102,,
1427,agribusiness,1.0,102,,
1428,link,1.0,102,,
1429,considers,1.0,102,,
1430,individually,1.0,102,,
1431,strong,1.0,102,,
1432,suitable,1.0,102,,
1433,medium,1.0,102,,
1434,principally,1.0,102,,
1435,software,1.0,102,,
1436,10.,1.0,102,,
1437,renewal,3.0,102,,
1438,induction,1.0,102,,
1439,directorships,2.0,102,,
1440,identifying,2.0,102,,
1441,candidates,2.0,102,,
1442,takes,1.0,102,,
1443,account,1.0,102,,
1444,represented,1.0,102,,
1445,acknowledges,3.0,102,,
1446,importance,3.0,102,,
1447,careful,1.0,102,,
1448,specifying,1.0,102,,
1449,engaging,1.0,102,,
1450,complement,1.0,102,,
1451,gaps,1.0,102,,
1452,constituted,1.0,102,,
1453,notice,1.0,102,,
1454,addressing,1.0,102,,
1455,10.5,1.0,102,,
1456,10.4,1.0,102,,
1457,opportunities,1.0,102,,
1458,arranging,1.0,102,,
1459,workshops,1.0,102,,
1460,scheduled,1.0,102,,
1461,re–,1.0,102,,
1462,rotating,1.0,102,,
1463,exceeding,2.0,102,,
1464,none,1.0,102,,
1465,longest,1.0,102,,
1466,tenure,1.0,102,,
1467,john,1.0,102,,
1468,months,1.0,102,,
1469,10.6,1.0,102,,
1470,10.7,1.0,102,,
1471,boards,1.0,102,,
1472,attention,2.0,102,,
1473,fulfil,2.0,102,,
1474,approval,2.0,102,,
1475,prior,6.0,102,,
1476,accepting,1.0,102,,
1477,invitation,2.0,102,,
1478,become,1.0,102,,
1479,corporation,1.0,102,,
1480,11.,1.0,102,,
1481,access,4.0,102,,
1482,secretarial,1.0,102,,
1483,11.1,1.0,102,,
1484,unrestricted,1.0,102,,
1485,advisers,3.0,102,,
1486,regular,2.0,102,,
1487,operational,1.0,102,,
1488,11.3,1.0,102,,
1489,expense,1.0,102,,
1490,furtherance,1.0,102,,
1491,discussion,2.0,102,,
1492,occurs,1.0,102,,
1493,notify,1.0,102,,
1494,resulting,1.0,102,,
1495,circulated,1.0,102,,
1496,12.,1.0,102,,
1497,12.1,1.0,102,,
1498,paid,2.0,102,,
1499,fee,3.0,102,,
1500,fixed,1.0,102,,
1501,amount,4.0,102,,
1502,non–,1.0,102,,
1503,aggregate,1.0,102,,
1504,maximum,1.0,102,,
1505,$,1.0,102,,
1506,"1,500,000",1.0,102,,
1507,per,1.0,102,,
1508,annum,1.0,102,,
1509,12.2,1.0,102,,
1510,12.3,1.0,102,,
1511,fees,2.0,102,,
1512,serving,1.0,102,,
1513,subcommittees,1.0,102,,
1514,12.4,1.0,102,,
1515,share,5.0,102,,
1516,notified,1.0,102,,
1517,205g,1.0,102,,
1518,13.,1.0,102,,
1519,13.1,1.0,102,,
1520,brought,1.0,102,,
1521,protocols,1.0,102,,
1522,imposed,1.0,102,,
1523,require,2.0,102,,
1524,contracts,1.0,102,,
1525,offices,1.0,102,,
1526,involve,1.0,102,,
1527,possibility,1.0,102,,
1528,arises,1.0,102,,
1529,participate,3.0,102,,
1530,vote,1.0,102,,
1531,14.,1.0,102,,
1532,14.1,1.0,102,,
1533,standing,1.0,102,,
1534,namely,1.0,102,,
1535,define,1.0,102,,
1536,14.2,1.0,102,,
1537,14.3,1.0,102,,
1538,attend,2.0,102,,
1539,whenever,1.0,102,,
1540,presentations,2.0,102,,
1541,14.4,1.0,102,,
1542,…the,1.0,102,,
1543,committee…,1.0,102,,
1544,entire,1.0,102,,
1545,separate,1.0,102,,
1546,instead,1.0,102,,
1547,10.1-10.2,1.0,102,,
1548,addressed,1.0,102,,
1549,15.,1.0,102,,
1550,15.1,1.0,102,,
1551,member,2.0,102,,
1552,comprised,2.0,102,,
1553,●,10.0,102,,
1554,hayes,1.0,102,,
1555,resigned,2.0,102,,
1556,tomlinson,1.0,102,,
1557,15.2,1.0,102,,
1558,financially,1.0,102,,
1559,literate,1.0,102,,
1560,possess,2.0,102,,
1561,sufficient,1.0,102,,
1562,attendance,2.0,102,,
1563,15.3,1.0,102,,
1564,oversees,1.0,102,,
1565,national,1.0,102,,
1566,statutory,1.0,102,,
1567,15.4,1.0,102,,
1568,liaises,1.0,102,,
1569,auditors,1.0,102,,
1570,scope,1.0,102,,
1571,advises,1.0,102,,
1572,lead,2.0,102,,
1573,rotated,1.0,102,,
1574,15.5,1.0,102,,
1575,officers,1.0,102,,
1576,15.6,1.0,102,,
1577,shall,1.0,102,,
1578,non–audit,1.0,102,,
1579,detract,1.0,102,,
1580,impartiality,1.0,102,,
1581,case,5.0,102,,
1582,exceeded,1.0,102,,
1583,15.8,1.0,102,,
1584,15.7,1.0,102,,
1585,16.,1.0,102,,
1586,16.1,1.0,102,,
1587,advise,1.0,102,,
1588,compensation,1.0,102,,
1589,bonuses,1.0,102,,
1590,incentives,1.0,102,,
1591,evaluations,1.0,102,,
1592,criteria,1.0,102,,
1593,application,1.0,102,,
1594,16.2,1.0,102,,
1595,allows,1.0,102,,
1596,search,1.0,102,,
1597,high–calibre,1.0,102,,
1598,offered,2.0,102,,
1599,competitive,1.0,102,,
1600,comparable,1.0,102,,
1601,companies,1.0,102,,
1602,16.3,1.0,102,,
1603,16.4,1.0,102,,
1604,16.5,1.0,102,,
1605,17.,1.0,102,,
1606,coordinating,1.0,102,,
1607,commission,1.0,102,,
1608,distribute,1.0,102,,
1609,publishes,2.0,102,,
1610,half–year,1.0,102,,
1611,media,1.0,102,,
1612,publications,1.0,102,,
1613,//www.iress.com,1.0,102,,
1614,17.3,1.0,102,,
1615,goals,1.0,102,,
1616,encouraged,1.0,102,,
1617,hybrid,1.0,102,,
1618,17.4,1.0,102,,
1619,aim,1.0,102,,
1620,ascertaining,1.0,102,,
1621,attending,1.0,102,,
1622,voting,1.0,102,,
1623,18.,1.0,102,,
1624,18.1,1.0,102,,
1625,referring,1.0,102,,
1626,unaudited,1.0,102,,
1627,comprise,1.0,102,,
1628,environment,1.0,102,,
1629,first,2.0,102,,
1630,publication,2.0,102,,
1631,undergo,1.0,102,,
1632,disciplines,1.0,102,,
1633,confident,1.0,102,,
1634,contained,1.0,102,,
1635,19.,1.0,102,,
1636,minimum,1.0,102,,
1637,requirement,1.0,102,,
1638,19.1,1.0,102,,
1639,aligning,1.0,102,,
1640,accumulate,1.0,102,,
1641,shares,3.0,102,,
1642,equivalent,1.0,102,,
1643,holding,2.0,102,,
1644,expected,2.0,102,,
1645,acquire,1.0,102,,
1646,20.,1.0,102,,
1647,20.1,1.0,102,,
1648,trading,6.0,102,,
1649,precludes,1.0,102,,
1650,blackout,1.0,102,,
1651,periods,2.0,102,,
1652,follows,1.0,102,,
1653,close,3.0,102,,
1654,announced,2.0,102,,
1655,june,1.0,102,,
1656,weeks,1.0,102,,
1657,20.2,1.0,102,,
1658,insider,1.0,102,,
1659,without,1.0,102,,
1660,associates,2.0,102,,
1661,notification,2.0,102,,
1662,20.3,1.0,102,,
1663,prohibited,2.0,102,,
1664,price-sensitive,1.0,102,,
1665,influence,1.0,102,,
1666,engage,1.0,102,,
1667,20.4,1.0,102,,
1668,hedging,1.0,102,,
1669,unvested,2.0,102,,
1670,right,2.0,102,,
1671,participant,1.0,102,,
1672,enters,1.0,102,,
1673,schemes,1.0,102,,
1674,component,1.0,102,,
1675,breach,1.0,102,,
1676,grant,1.0,102,,
1677,exercise,1.0,102,,
1678,cancel,1.0,102,,
1679,hedged,1.0,102,,
1680,20.5,1.0,102,,
1681,notifies,1.0,102,,
1682,transaction,1.0,102,,
1683,21.,1.0,102,,
1684,21.1,1.0,102,,
1685,engendering,1.0,102,,
1686,understanding,1.0,102,,
1687,amongst,1.0,102,,
1688,representatives,1.0,102,,
1689,webpage,1.0,102,,
1690,briefings,1.0,102,,
1691,convened,1.0,102,,
1692,proxy,1.0,102,,
1693,trending,1.0,102,,
1694,22.,1.0,102,,
1695,cycle,1.0,102,,
1696,commissions,1.0,102,,
1697,facilitated,1.0,102,,
1698,contributors,1.0,102,,
1699,engaged,1.0,102,,
1700,firm,1.0,102,,
1701,continuing,1.0,102,,
1702,presented,1.0,102,,
1703,quarter,1.0,102,,
1704,evaluated,1.0,102,,
1705,involves,1.0,102,,
1706,derived,1.0,102,,
1707,23.,1.0,102,,
1708,23.1,1.0,102,,
1709,contains,1.0,102,,
